time,rain,forecast_low,forecast_high,forecast_int,water_depth_basin1,water_depth_basin2,water_depth_basin3,orifice_setting1,orifice_setting2,orifice_setting3,water_depth_junction4
2019-09-05 00:00,0,210,256,0.04090499999999998,0.0,0.0,0.0,1.0,0.1428571428571428,0.1428571428571428,0.0
2019-09-05 01:00,0.0,156,190,0.019991999999999992,0.0,0.0,0.29245802393353676,0.1428571428571428,0.1428571428571428,0.5714285714285714,0.1388743486873945
2019-09-05 02:00,0.0,102,124,0.019991999999999992,0.0,0.0,0.2317918579095063,0.1428571428571428,0.1428571428571428,0.1428571428571428,0.10290465228170374
2019-09-05 03:00,0.0,48,58,0.019991999999999992,0.0,0.0,0.22155679995231603,1.0,1.0,0.5714285714285714,0.07976761995395142
2019-09-05 04:00,0.3090599999999999,0,0,0.01263913043478261,0.0021968756278680484,0.002199740553355938,0.14495219126452222,1.0,0.1428571428571428,1.0,0.06446612885021731
2019-09-05 05:00,0.29069999999999996,31,37,0.0434608695652174,0.004887470913317391,0.006734731380073546,0.0666949315953388,1.0,0.5714285714285714,1.0,0.05339729613792841
2019-09-05 06:00,0.9996000000000005,241,241,0.0,0.014516613537704426,0.014287863598477226,0.05727566168785782,0.5714285714285714,0.1428571428571428,0.1428571428571428,0.04499904879448186
2019-09-05 07:00,0.0,241,241,0.0,0.015019639802823654,0.0541337795698893,0.06622325341338527,1.0,0.1428571428571428,1.0,0.03858724511970913
2019-09-05 08:00,0.0,241,241,0.0,0.016403722215256916,0.0621226459026577,0.04575813923321626,1.0,0.1428571428571428,1.0,0.03363697494563629
2019-09-05 09:00,0.0,241,241,0.0,0.01776367070911547,0.06454383854752091,0.041094497889786676,0.1428571428571428,1.0,1.0,0.029678220633273182
2019-09-05 10:00,0.0,241,241,0.0,0.051162470110732654,0.01778006656867995,0.0374463697423552,1.0,1.0,0.5714285714285714,0.02651058958083029
2019-09-05 11:00,0.0,241,241,0.0,0.02061946362683551,0.018731272067511642,0.03429235945646296,0.5714285714285714,0.1428571428571428,0.5714285714285714,0.023948807982810308
2019-09-05 12:00,0.0,241,241,0.0,0.021555492550028334,0.048542025131991705,0.03188867511813142,0.5714285714285714,1.0,0.5714285714285714,0.02186759582729941
2019-09-05 13:00,0.0,241,241,0.0,0.022354007676242533,0.020825419321453004,0.029940874268845688,0.1428571428571428,0.5714285714285714,0.1428571428571428,0.020197901584854457
2019-09-05 14:00,0.0,241,241,0.0,0.0480637145783765,0.021493454368289495,0.04201756378800068,1.0,1.0,0.1428571428571428,0.01884557188086002
2019-09-05 15:00,0.0,241,241,0.0,0.02272107841195386,0.0225022001342733,0.04695216970870231,0.1428571428571428,1.0,0.1428571428571428,0.017774010084161976
2019-09-05 16:00,0.0,241,241,0.0,0.04531586057368602,0.02293883847110614,0.04933539112836265,1.0,0.1428571428571428,0.1428571428571428,0.01691979061116139
2019-09-05 17:00,0.0,241,241,0.0,0.02205495065166555,0.04444436588727379,0.05035860261170018,1.0,0.5714285714285714,0.5714285714285714,0.01621539001757543
2019-09-05 18:00,0.0,241,241,0.0,0.021713032961824464,0.02281950994386793,0.02447961671039944,0.1428571428571428,0.1428571428571428,0.1428571428571428,0.01566548164801614
2019-09-05 19:00,0.0,241,241,0.0,0.04097039112601784,0.04202697701211478,0.036299694832799705,1.0,1.0,1.0,0.015139817494418905
2019-09-05 20:00,0.0,241,241,0.0,0.021093340995612716,0.022645450190085625,0.023426612654341053,0.5714285714285714,0.1428571428571428,1.0,0.014709208594042024
2019-09-05 21:00,0.0,241,241,0.0,0.020561207981010642,0.03952364445429418,0.022901465588282145,0.5714285714285714,0.1428571428571428,0.1428571428571428,0.014307044924666617
2019-09-05 22:00,0.0,241,241,0.0,0.02027540458710492,0.040883151248183175,0.034025093144163326,0.1428571428571428,0.5714285714285714,1.0,0.013931647767729156
2019-09-05 23:00,0.0,241,241,0.0,0.03577905956284435,0.0215872361552679,0.02198606230342314,0.5714285714285714,0.1428571428571428,1.0,0.013621447511489828
2019-09-06 00:00,0.0,241,241,0.0,0.01974793184780647,0.035858852865279414,0.021575971089630837,0.1428571428571428,0.1428571428571428,1.0,0.013319637170372043
2019-09-06 01:00,0.0,241,241,0.0,0.033452908534535114,0.03643129256458477,0.021191832847882154,0.5714285714285714,1.0,0.5714285714285714,0.01304036977116871
2019-09-06 02:00,0.0,241,241,0.0,0.019245879235641576,0.020963581457957296,0.02068413840829964,0.5714285714285714,1.0,0.5714285714285714,0.01278888154352966
2019-09-06 03:00,0.0,241,241,0.0,0.018998407872059406,0.020680177529428335,0.02035348782538692,1.0,0.1428571428571428,0.5714285714285714,0.01255421096726093
2019-09-06 04:00,0.0,185,227,0.036968571428571434,0.018962475866842694,0.031486583783067346,0.020037636652691482,0.1428571428571428,0.1428571428571428,0.5714285714285714,0.01233156434842993
2019-09-06 05:00,0.0,131,161,0.029085818181818202,0.029264047482957585,0.03137061154987605,0.019737428409259305,0.1428571428571428,0.1428571428571428,0.1428571428571428,0.01212249434810758
2019-09-06 06:00,0.0,77,95,0.029085818181818202,0.028985101960948494,0.030353884390383744,0.029141217151045257,1.0,0.5714285714285714,0.5714285714285714,0.01191843084496422
2019-09-06 07:00,0.0,23,29,0.029085818181818202,0.018288264266639695,0.01945951571179385,0.019186989681018944,0.1428571428571428,1.0,0.1428571428571428,0.011747031954283815
2019-09-06 08:00,1.2821399999999996,0,0,0.01512285714285714,0.07060051177855996,0.031982320792126845,0.04737443274496334,0.5714285714285714,0.1428571428571428,0.1428571428571428,0.011581241973875321
2019-09-06 09:00,0.3175799999999973,133,163,0.030779999999999974,0.03537620246446233,0.11788864683827292,0.08067878432351108,0.1428571428571428,0.5714285714285714,0.5714285714285714,0.011506465437136515
2019-09-06 10:00,0.0,79,97,0.030779999999999974,0.11791983951607247,0.037775463485053964,0.028310062159186442,0.1428571428571428,1.0,1.0,0.011800760286204868
2019-09-06 11:00,0.0,25,31,0.030779999999999974,0.15026852274961733,0.039810888240237374,0.02866457755913358,1.0,0.1428571428571428,1.0,0.01209310310169239
2019-09-06 12:00,0.800279999999999,198,242,0.021591428571428574,0.04900637636606164,0.13054532362725244,0.0337138842944036,0.1428571428571428,0.5714285714285714,0.1428571428571428,0.012508183938454341
2019-09-06 13:00,0.0,144,176,0.012844444444444459,0.15313095974075586,0.053417032778718565,0.0917703004521931,1.0,0.1428571428571428,0.5714285714285714,0.013092969036006053
2019-09-06 14:00,0.0,90,110,0.009780425531914912,0.05133587376831231,0.15072095910312133,0.03484151018481772,0.1428571428571428,0.1428571428571428,0.1428571428571428,0.014114687259112912
2019-09-06 15:00,0.0,36,44,0.011195522388059733,0.14519478146912804,0.19397029316346492,0.08911473910861961,0.1428571428571428,1.0,0.1428571428571428,0.014991769476452197
2019-09-06 16:00,0.4457399999999958,0,0,0.009260473933649293,0.19101085324873873,0.06405182576249369,0.11851962756215538,0.1428571428571428,0.5714285714285714,1.0,0.016157826184600283
2019-09-06 17:00,0.5910000000000073,0,0,0.009026225165562918,0.2427420608226961,0.06944372270871939,0.04413746948185717,0.1428571428571428,0.5714285714285714,0.1428571428571428,0.017726309106402643
2019-09-06 18:00,0.33119999999999905,0,0,0.011338021978021971,0.29238537210637433,0.07142031470245845,0.11556776794306464,0.5714285714285714,0.1428571428571428,1.0,0.018917892031561457
2019-09-06 19:00,0.877379999999996,0,0,0.004980000000000002,0.1650746529512954,0.22143086629106323,0.05405900090348856,0.5714285714285714,0.1428571428571428,0.1428571428571428,0.020590367634884754
2019-09-06 20:00,0.1543799999999882,241,241,0.0,0.1043078719670296,0.30874693107646867,0.14153595659516185,0.1428571428571428,1.0,0.1428571428571428,0.022059611571889844
2019-09-06 21:00,0.0,241,241,0.0,0.24001638159099586,0.09868554486037064,0.18812932082881123,1.0,0.1428571428571428,0.1428571428571428,0.024485669627201157
2019-09-06 22:00,0.0,241,241,0.0,0.08090668764551177,0.2320697113514451,0.22216321460516023,0.1428571428571428,0.1428571428571428,0.1428571428571428,0.026959903525891973
2019-09-06 23:00,0.0,241,241,0.0,0.21731511958472627,0.30009601052547025,0.24930120927455976,0.5714285714285714,1.0,0.5714285714285714,0.029023269266328994
2019-09-07 00:00,0.0,241,241,0.0,0.09622782471576828,0.09332387116730098,0.20639635242553617,0.1428571428571428,1.0,0.5714285714285714,0.031765640033810744
2019-09-07 01:00,0.0,241,241,0.0,0.20912221533213698,0.08663245653163924,0.1639997990708275,0.1428571428571428,0.1428571428571428,0.5714285714285714,0.033987830661171774
2019-09-07 02:00,0.0,241,241,0.0,0.26767229041641605,0.2006031100230286,0.1247018808564302,1.0,1.0,0.1428571428571428,0.03516061771753044
2019-09-07 03:00,0.0,241,241,0.0,0.07139635439974827,0.07793187970975711,0.1648514135802415,1.0,0.1428571428571428,1.0,0.035640337455492256
2019-09-07 04:00,0.0,241,241,0.0,0.0682869211043205,0.18575966871707045,0.06960592354275755,0.5714285714285714,0.5714285714285714,0.1428571428571428,0.03636505067283398
2019-09-07 05:00,0.0,241,241,0.0,0.06529137271596905,0.07126925212748159,0.12769377784075528,0.1428571428571428,0.5714285714285714,0.1428571428571428,0.03629071126897253
2019-09-07 06:00,0.0,241,241,0.0,0.1701014151764263,0.06761894386327269,0.16219093440080765,0.5714285714285714,1.0,0.1428571428571428,0.03592551237464521
2019-09-07 07:00,0.0,241,241,0.0,0.0622792064889884,0.06653979720491178,0.18780224527000028,1.0,1.0,0.5714285714285714,0.035368192717702474
2019-09-07 08:00,0.0,241,241,0.0,0.06103535508795618,0.06489193909352561,0.13628869962406118,0.5714285714285714,0.5714285714285714,0.1428571428571428,0.035249420174785946
2019-09-07 09:00,0.0,241,241,0.0,0.05878320977000896,0.06253861753528972,0.16429850983333422,0.5714285714285714,0.1428571428571428,1.0,0.03460683530720113
2019-09-07 10:00,0.0,241,241,0.0,0.057322174955225146,0.15101105507470758,0.0630556669102209,0.5714285714285714,0.5714285714285714,1.0,0.03433630529345446
2019-09-07 11:00,0.0,241,241,0.0,0.055958481206127134,0.059860841185091496,0.05917525784178427,0.1428571428571428,0.5714285714285714,1.0,0.0338163834546471
2019-09-07 12:00,0.0,241,241,0.0,0.14008872467553535,0.05781259465456512,0.058071226325815226,0.1428571428571428,0.1428571428571428,0.5714285714285714,0.033242827667542774
2019-09-07 13:00,0.0,241,241,0.0,0.1776071084230727,0.13722105283155922,0.05492346833373407,1.0,0.5714285714285714,0.5714285714285714,0.032481212455005334
2019-09-07 14:00,0.0,241,241,0.0,0.05351264801057104,0.0558439637373226,0.054384730432198505,0.5714285714285714,0.5714285714285714,0.5714285714285714,0.03195861380387506
2019-09-07 15:00,0.0,241,241,0.0,0.05146262423140667,0.054580609687764556,0.053934489501633015,1.0,0.1428571428571428,0.1428571428571428,0.031513344085160946
2019-09-07 16:00,0.0,241,241,0.0,0.05070672737223834,0.12550624695414347,0.10103806306955561,0.1428571428571428,0.1428571428571428,1.0,0.03083722520171327
2019-09-07 17:00,0.0,241,241,0.0,0.12029530089761056,0.156582766161645,0.052772141704118355,0.5714285714285714,1.0,0.1428571428571428,0.03034621080347198
2019-09-07 18:00,0.0,241,241,0.0,0.048235787216926965,0.051909952271685864,0.09753525355664323,1.0,0.1428571428571428,1.0,0.0298706184301376
2019-09-07 19:00,0.0,241,241,0.0,0.04760944035309433,0.11493821219400695,0.051045642152167905,0.1428571428571428,0.1428571428571428,0.5714285714285714,0.029517337535673108
2019-09-07 20:00,0.0,241,241,0.0,0.10990746139826102,0.14177885839905355,0.04959141404223225,1.0,0.1428571428571428,1.0,0.02895623397274805
2019-09-07 21:00,0.0,241,241,0.0,0.04581611047876242,0.1580947939746514,0.049033802462253896,1.0,1.0,1.0,0.02841222220007941
2019-09-07 22:00,0.0,241,241,0.0,0.04484632619066593,0.04808086679122373,0.04836590590778018,0.1428571428571428,0.5714285714285714,0.1428571428571428,0.02815559866278698
2019-09-07 23:00,0.0,241,241,0.0,0.10053648837287163,0.04608611690020243,0.08879427864134137,0.5714285714285714,0.5714285714285714,1.0,0.0276943863477088
2019-09-08 00:00,0.0,241,241,0.0,0.0428304911593477,0.04514959821790598,0.04690699973742217,0.5714285714285714,1.0,0.5714285714285714,0.027381326784015652
2019-09-08 01:00,0.0,241,241,0.0,0.04197052880884277,0.04466874802535184,0.04572667764014463,0.1428571428571428,1.0,0.1428571428571428,0.02697043957414866
2019-09-08 02:00,0.0,241,241,0.0,0.09195124265479551,0.04366601698632978,0.08394168633146615,0.1428571428571428,0.1428571428571428,0.5714285714285714,0.026470795670486404
2019-09-08 03:00,0.0,241,241,0.0,0.11067521227115129,0.09055298294616614,0.04427731326730042,0.1428571428571428,1.0,0.1428571428571428,0.02609507579962853
2019-09-08 04:00,0.0,241,241,0.0,0.12077854235584451,0.041967183451514414,0.08096508560790608,1.0,0.5714285714285714,0.1428571428571428,0.025611405920109156
2019-09-08 05:00,0.0,241,241,0.0,0.039779550879075365,0.04119886251548928,0.10104505873835094,0.1428571428571428,0.1428571428571428,0.1428571428571428,0.02519659739555341
2019-09-08 06:00,0.0,241,241,0.0,0.08206756582696224,0.08310732966450445,0.11526404436663654,1.0,0.1428571428571428,1.0,0.024797442303947776
2019-09-08 07:00,0.0,241,241,0.0,0.03822836369070864,0.09790194974807381,0.0419233118186964,0.1428571428571428,0.1428571428571428,1.0,0.02463090859055246
2019-09-08 08:00,0.0,241,241,0.0,0.07733108342592332,0.10515575972102073,0.04114005264062038,0.5714285714285714,0.1428571428571428,0.5714285714285714,0.024264193552977292
2019-09-08 09:00,0.0,241,241,0.0,0.03657613821689106,0.10843015651340127,0.04018173898307647,1.0,0.5714285714285714,0.5714285714285714,0.023916469585793753
2019-09-08 10:00,0.0,241,241,0.0,0.03625377449424782,0.03818378200203296,0.039672462292856835,0.1428571428571428,0.1428571428571428,0.1428571428571428,0.023683034362682633
2019-09-08 11:00,0.0,241,241,0.0,0.07081621899461832,0.07212602745680602,0.07162258126474076,0.1428571428571428,1.0,0.5714285714285714,0.023316279803362615
2019-09-08 12:00,0.0,241,241,0.0,0.08130772598658707,0.03682125258220639,0.03858398685116627,0.5714285714285714,1.0,1.0,0.023080840073028328
2019-09-08 13:00,0.0,241,241,0.0,0.03433517598868964,0.03628590228601741,0.03830204459259888,1.0,0.5714285714285714,0.5714285714285714,0.022775687266113995
2019-09-08 14:00,0.0,241,241,0.0,0.03403958265898817,0.035412045649073985,0.03746547697203026,1.0,0.1428571428571428,0.1428571428571428,0.022483429522597742
2019-09-08 15:00,0.0,241,241,0.0,0.03348393865790305,0.06413335268759218,0.06694067114437516,0.5714285714285714,0.5714285714285714,0.1428571428571428,0.02212487265149162
2019-09-08 16:00,0.0,241,241,0.0,0.032670192948468055,0.03433417523624286,0.08231562167165905,0.1428571428571428,0.1428571428571428,1.0,0.021819385950553213
2019-09-08 17:00,0.0,241,241,0.0,0.059396932892718954,0.060533420903057966,0.036215487489375926,0.1428571428571428,0.1428571428571428,1.0,0.021625736648164494
2019-09-08 18:00,0.0,241,241,0.0,0.06580580083575328,0.06697700980981491,0.03566517565915149,1.0,0.5714285714285714,0.1428571428571428,0.021323475046819643
2019-09-08 19:00,0.0,241,241,0.0,0.031587514599903055,0.032836345473502324,0.0627133064781249,0.1428571428571428,0.5714285714285714,0.5714285714285714,0.02102608772836178
2019-09-08 20:00,0.0,241,241,0.0,0.05449722081644526,0.03228429535029652,0.03447208151022795,0.1428571428571428,1.0,0.5714285714285714,0.02082534338121675
2019-09-08 21:00,0.0,241,241,0.0,0.059198311624046866,0.03201807173955689,0.034001547436685965,0.5714285714285714,0.1428571428571428,0.5714285714285714,0.02056851735967875
2019-09-08 22:00,0.0,241,241,0.0,0.02999237798494022,0.052430776064861434,0.03354134692999997,0.1428571428571428,1.0,0.5714285714285714,0.020308547029863067
2019-09-08 23:00,0.0,241,241,0.0,0.049881533535566826,0.03117286162536201,0.03310916767390447,0.5714285714285714,0.1428571428571428,1.0,0.020073154077954056
2019-09-09 00:00,0.0,241,241,0.0,0.029135074282895634,0.04952242401599072,0.0329291769855424,0.5714285714285714,0.5714285714285714,0.5714285714285714,0.019830294948725624
2019-09-09 01:00,0.0,241,241,0.0,0.028715353171500778,0.030085917492324636,0.0322663222859,0.5714285714285714,0.5714285714285714,0.5714285714285714,0.01960707851667705
2019-09-09 02:00,0.0,241,241,0.0,0.02831491595869221,0.029646492894669627,0.031862656287187666,0.1428571428571428,0.1428571428571428,0.1428571428571428,0.019384330473408436
2019-09-09 03:00,0.0,241,241,0.0,0.04433881999560196,0.04537700929877047,0.05498373343118472,0.5714285714285714,0.5714285714285714,0.5714285714285714,0.019119882802862104
2019-09-09 04:00,0.0,241,241,0.0,0.027573663143854316,0.028841845692313635,0.03107355829164827,0.5714285714285714,1.0,0.1428571428571428,0.01894204287862231
2019-09-09 05:00,0.0,241,241,0.0,0.027202036280800857,0.028676640006181222,0.053256571491025494,0.5714285714285714,0.5714285714285714,0.5714285714285714,0.01869756479613585
2019-09-09 06:00,0.0,241,241,0.0,0.02684300832790743,0.028065302588802896,0.030319871114914267,0.5714285714285714,0.5714285714285714,0.1428571428571428,0.018523709801930174
2019-09-09 07:00,0.0,241,241,0.0,0.026494413108940358,0.027692690605522784,0.051594940188809925,0.5714285714285714,0.5714285714285714,1.0,0.018287648946321657
2019-09-09 08:00,0.0,241,241,0.0,0.026154922311229928,0.027330435619516112,0.029818525143755246,0.5714285714285714,0.5714285714285714,0.1428571428571428,0.01811778286239231
2019-09-09 09:00,0.0,241,241,0.0,0.025823682138932626,0.026977716166448177,0.050070884532984646,0.5714285714285714,0.1428571428571428,0.1428571428571428,0.017890996171688555
2019-09-09 10:00,0.0,241,241,0.0,0.02550011029099361,0.037154823202279814,0.05955613361275739,1.0,1.0,0.5714285714285714,0.017677621907265715
2019-09-09 11:00,0.0,241,241,0.0,0.02538972983545635,0.026518344350979765,0.028561056881292093,0.1428571428571428,0.1428571428571428,0.1428571428571428,0.01753860122628272
2019-09-09 12:00,0.0,241,241,0.0,0.034182373627944504,0.03514390556043792,0.04769440680127613,0.5714285714285714,0.5714285714285714,0.5714285714285714,0.017322265598974134
2019-09-09 13:00,0.0,241,241,0.0,0.024580729962569416,0.025662297199353996,0.02789849614811252,1.0,0.5714285714285714,1.0,0.017167047338732557
2019-09-09 14:00,0.0,241,241,0.0,0.024477046047685507,0.025345237246073526,0.02778513643668554,1.0,0.1428571428571428,0.1428571428571428,0.016987411381900835
2019-09-09 15:00,0.0,188,230,0.010666875000000008,0.024181839019847766,0.032340733485520065,0.0455821726948964,0.1428571428571428,0.5714285714285714,0.1428571428571428,0.016785773299061075
2019-09-09 16:00,0.0,134,164,0.0064389130434782515,0.030555885860929277,0.024733512638766126,0.05350595174511522,0.1428571428571428,0.1428571428571428,0.1428571428571428,0.01660264894081793
2019-09-09 17:00,0.0,80,98,0.005233026315789479,0.030147068386811565,0.030629471442686126,0.058155245041323966,0.1428571428571428,0.5714285714285714,0.1428571428571428,0.016425106514675783
2019-09-09 18:00,0.0,26,32,0.005998922155688631,0.02930827202275868,0.02414784064003472,0.061028953639896785,0.1428571428571428,0.1428571428571428,1.0,0.01625728663688221
2019-09-09 19:00,0.3367799999999921,0,0,0.004889999999999991,0.03965133798156384,0.040040349257910675,0.028198479481956716,0.1428571428571428,0.1428571428571428,0.5714285714285714,0.016152763587356993
2019-09-09 20:00,0.2515199999999904,0,0,0.005441052631578946,0.05709339421549035,0.05758474517348902,0.02925155596113212,0.1428571428571428,0.1428571428571428,0.5714285714285714,0.016034700815223915
2019-09-09 21:00,0.2037600000000035,0,0,0.013110000000000004,0.07434770596532077,0.07472363371689951,0.03029029051924219,0.5714285714285714,0.1428571428571428,1.0,0.015987861883307284
2019-09-09 22:00,0.2097599999999975,107,131,0.02962622950819677,0.03468407732384339,0.09626453648900919,0.031860992331803936,0.1428571428571428,0.1428571428571428,0.5714285714285714,0.016054806655502768
2019-09-09 23:00,0.0,53,65,0.032417472527472506,0.08174976388714325,0.10836391867287289,0.03147731730443357,0.1428571428571428,0.1428571428571428,0.5714285714285714,0.016214898341088597
2019-09-10 00:00,0.19998000000000005,0,0,0.03651734439834019,0.0979024304804243,0.11509470523390936,0.031567137714787134,1.0,0.1428571428571428,0.1428571428571428,0.016450302810836103
2019-09-10 01:00,1.8333599999999999,0,0,0.04965609958506225,0.05748771064235732,0.1681113774196315,0.094443651340412,0.1428571428571428,0.1428571428571428,0.5714285714285714,0.016716467560156347
2019-09-10 02:00,1.5667800000000245,0,0,0.05736572614107885,0.2291272318526754,0.27234529745225383,0.09043591333948624,0.1428571428571428,0.1428571428571428,0.5714285714285714,0.017494539853852676
2019-09-10 03:00,2.199840000000025,0,0,0.060307717842323666,0.3514486392074217,0.3793093439795823,0.11937414594525715,0.1428571428571428,1.0,0.1428571428571428,0.01860827648474403
2019-09-10 04:00,3.175680000000005,0,0,0.07894157676348557,0.5353945046186656,0.3078897070173687,0.2643710412292912,0.1428571428571428,0.1428571428571428,1.0,0.020976229550199933
2019-09-10 05:00,4.824839999999988,0,0,0.06673219917012449,0.7451448700918919,0.606936016985714,0.30779083169039445,0.1428571428571428,0.5714285714285714,0.5714285714285714,0.026791637577915167
2019-09-10 06:00,3.5997599999999963,0,0,0.05660589211618256,1.0028970203795897,0.8053929242505597,0.45158781818519467,0.5714285714285714,0.5714285714285714,0.1428571428571428,0.03674103985390381
2019-09-10 07:00,2.8672199999999535,0,0,0.049937427385892054,1.124577868765836,0.9678415369379126,0.6081242610196368,1.0,0.5714285714285714,1.0,0.05522428754790855
2019-09-10 08:00,7.633079999999936,0,0,0.019724315352697065,1.2614872302085944,1.2116469077921754,0.7260349208328456,0.5714285714285714,0.1428571428571428,1.0,0.08314506582873606
2019-09-10 09:00,1.9732799999999457,0,0,0.013940912863070583,1.487964572679435,1.5290263433426439,0.8546320601375875,0.5714285714285714,0.5714285714285714,1.0,0.11385610221466648
2019-09-10 10:00,1.1284199999999274,0,0,0.014823236514522806,1.65167822353194,1.6887553986767423,0.9545094856438227,1.0,0.5714285714285714,0.1428571428571428,0.14128318773086654
2019-09-10 11:00,1.2924599999999486,0,0,0.017128879668049813,1.7208209266033043,1.8177774237483224,1.0955833454240438,0.5714285714285714,0.1428571428571428,0.1428571428571428,0.15874099575921805
2019-09-10 12:00,0.35591999999995494,0,0,0.01926099585062245,1.8229220652349745,1.9867160018690133,1.2116198305581192,1.0,0.5714285714285714,0.1428571428571428,0.16659054482086114
2019-09-10 13:00,0.566280000000134,0,0,0.018567136929460687,1.8322337294144242,1.9999999999999998,1.3076983075323838,0.1428571428571428,0.5714285714285714,0.1428571428571428,0.17011767014155582
2019-09-10 14:00,1.3327200000000232,0,0,0.015772780082987638,1.9684368753342723,1.9999999999999998,1.394312304257819,1.0,0.5714285714285714,0.1428571428571428,0.17004492639279137
2019-09-10 15:00,1.8509399999999516,0,0,0.01074193548387099,1.9626363237129765,1.9999999999999998,1.481161631822702,0.5714285714285714,1.0,1.0,0.16920577354847882
2019-09-10 16:00,0.8885399999998711,0,0,0.008805238095238109,1.9999999999999998,1.9926925835573088,1.5132073181887893,1.0,0.1428571428571428,0.1428571428571428,0.17540245887020703
2019-09-10 17:00,0.39581999999990813,0,0,0.010812727272727276,1.9779077834918202,1.9999999999999998,1.5933927696579102,0.5714285714285714,0.1428571428571428,0.1428571428571428,0.17371334321015103
2019-09-10 18:00,0.6563999999999908,0,0,0.00954,1.9999999999999998,1.9999999999999998,1.6683824878873805,1.0,0.1428571428571428,1.0,0.16933391047629678
2019-09-10 19:00,0.057239999999993074,22,28,0.041418484848484816,1.9562512199377504,1.9999999999999998,1.678724430363298,0.1428571428571428,0.5714285714285714,1.0,0.16774199978528442
2019-09-10 20:00,0.47676000000002006,0,0,0.04738711656441716,1.9999999999999998,1.9999999999999998,1.6827483540106962,0.5714285714285714,0.1428571428571428,1.0,0.16634206568695373
2019-09-10 21:00,1.5736800000000244,0,0,0.05971281553398054,1.9999999999999998,1.9999999999999998,1.6854842351961952,0.5714285714285714,0.5714285714285714,0.5714285714285714,0.16075824167751393
2019-09-10 22:00,3.250439999999955,0,0,0.06744139534883721,1.9999999999999998,1.9999999999999998,1.7202675648105523,0.1428571428571428,1.0,0.5714285714285714,0.160110487359482
2019-09-10 23:00,2.899979999999978,241,241,0.0,1.9999999999999998,1.9941318940800536,1.7751473922858634,1.0,0.5714285714285714,1.0,0.16469321319471497
2019-09-11 00:00,0.0,241,241,0.0,1.981517278903029,1.9999999999999998,1.7964342451249438,0.1428571428571428,1.0,1.0,0.17323208009364394
2019-09-11 01:00,0.0,241,241,0.0,1.9999999999999998,1.9644186841456976,1.8084097585860401,0.5714285714285714,0.1428571428571428,0.1428571428571428,0.17938751790062357
2019-09-11 02:00,0.0,241,241,0.0,1.9999999999999998,1.9999999999999998,1.873483377929271,0.1428571428571428,0.1428571428571428,0.5714285714285714,0.17190060590870526
2019-09-11 03:00,0.0,241,241,0.0,1.9999999999999998,1.9999999999999998,1.8971399717589075,1.0,1.0,0.1428571428571428,0.16454099698519709
2019-09-11 04:00,0.0,241,241,0.0,1.9259822838862175,1.926438562899436,1.9492812185501367,1.0,0.1428571428571428,1.0,0.16298987591119
2019-09-11 05:00,0.0,241,241,0.0,1.8431000840880853,1.9824035837470366,1.93238589242608,1.0,0.1428571428571428,0.5714285714285714,0.16254592417477837
2019-09-11 06:00,0.0,241,241,0.0,1.752046849466143,1.9999999999999998,1.9394361824990791,1.0,0.5714285714285714,1.0,0.1578872243613827
2019-09-11 07:00,0.0,241,241,0.0,1.6532560734031039,1.965592715093793,1.913937484423332,0.5714285714285714,1.0,1.0,0.15716208217157102
2019-09-11 08:00,0.0,172,210,0.037333200000000004,1.615018235391596,1.863172551175674,1.8852952790772908,0.5714285714285714,0.1428571428571428,0.5714285714285714,0.1570672068739
2019-09-11 09:00,0.0,118,144,0.04000418181818185,1.571220791616679,1.8965695867011185,1.8818993796961334,0.5714285714285714,1.0,0.5714285714285714,0.1489284250304179
2019-09-11 10:00,0.0,64,78,0.0321712941176471,1.5223596561902772,1.7834004758893418,1.8756110095180638,0.1428571428571428,1.0,1.0,0.14549082137445926
2019-09-11 11:00,0.0,10,12,0.02595208695652176,1.5549907600079471,1.6640116965245564,1.8388398304192626,1.0,0.1428571428571428,0.5714285714285714,0.14362483693075573
2019-09-11 12:00,1.83329999999998,0,0,0.01876232365145231,1.433979057886267,1.6963075833345225,1.8312599427517378,1.0,0.5714285714285714,0.5714285714285714,0.13626373563879676
2019-09-11 13:00,2.5171799999999607,0,0,0.01262474226804126,1.3351800911252925,1.6659368821145986,1.8322678099786973,1.0,1.0,1.0,0.13572007613108922
2019-09-11 14:00,1.1129399999999876,0,0,0.009972089552238798,1.2550019940131314,1.5833492792629842,1.8115596108631125,0.1428571428571428,0.1428571428571428,0.1428571428571428,0.14200113371812892
2019-09-11 15:00,0.49787999999996657,0,0,0.011329459459459451,1.3415587535688362,1.6512046839493169,1.8524361819724606,0.5714285714285714,0.1428571428571428,0.5714285714285714,0.14069849307451904
2019-09-11 16:00,0.3715199999999186,0,0,0.03334714285714286,1.3291139076128156,1.7123948406395029,1.8569158804399153,0.1428571428571428,1.0,1.0,0.13740102379095673
2019-09-11 17:00,0.46685999999998273,241,241,0.0,1.4050008868296873,1.6234988272042297,1.8328338379812015,0.5714285714285714,0.5714285714285714,1.0,0.14029999321477588
2019-09-11 18:00,0.0,241,241,0.0,1.38079343432382,1.5952453259958572,1.805905167021067,0.1428571428571428,1.0,0.1428571428571428,0.14109288158606476
2019-09-11 19:00,0.0,241,241,0.0,1.4375473507665262,1.4911997140806057,1.8376901073431424,0.5714285714285714,0.5714285714285714,0.5714285714285714,0.13940025140419945
2019-09-11 20:00,0.0,241,241,0.0,1.397525101235309,1.4508316794559202,1.832215933465496,1.0,1.0,1.0,0.13694611377568197
2019-09-11 21:00,0.0,241,241,0.0,1.277475442338088,1.332534144328804,1.796473652982567,0.5714285714285714,1.0,0.5714285714285714,0.13854459109229766
2019-09-11 22:00,0.0,241,241,0.0,1.2268899471314807,1.2066141038092555,1.7864136815004061,0.1428571428571428,0.1428571428571428,0.5714285714285714,0.1382993262862366
2019-09-11 23:00,0.0,241,241,0.0,1.2660635759908936,1.2465508546106872,1.774334201572233,0.5714285714285714,1.0,1.0,0.13100506891194516
2019-09-12 00:00,0.0,241,241,0.0,1.2052477259667216,1.1071208728787425,1.733177873158009,1.0,0.1428571428571428,0.1428571428571428,0.12788086332135154
2019-09-12 01:00,0.0,241,241,0.0,1.0591444360153177,1.1417608944941324,1.7512461992278312,1.0,1.0,1.0,0.1224366473594115
2019-09-12 02:00,0.0,241,241,0.0,0.9032125380274122,0.990483292377982,1.707153633988919,0.1428571428571428,0.5714285714285714,0.1428571428571428,0.12389216733531415
2019-09-12 03:00,0.0,241,241,0.0,0.9381673256923148,0.917003597807422,1.7222060171066274,1.0,0.1428571428571428,1.0,0.11982271767612297
2019-09-12 04:00,0.0,241,241,0.0,0.7668496644991243,0.9476000740617323,1.6758429661848544,1.0,0.1428571428571428,0.1428571428571428,0.11532491492860984
2019-09-12 05:00,0.0,241,241,0.0,0.5811767737019926,0.973664622304328,1.6883964793062642,0.5714285714285714,0.1428571428571428,0.1428571428571428,0.1099298600393935
2019-09-12 06:00,0.0,241,241,0.0,0.4931263543286541,0.9957634246988192,1.699896896569202,1.0,0.5714285714285714,0.1428571428571428,0.1053214169962446
2019-09-12 07:00,0.0,241,241,0.0,0.27865289687824635,0.908020889133536,1.7103631734421394,0.1428571428571428,0.1428571428571428,1.0,0.10277275576115794
2019-09-12 08:00,0.0,241,241,0.0,0.35818365293127286,0.9266638124605547,1.6597384807373143,1.0,1.0,1.0,0.10114642929708902
2019-09-12 09:00,0.0,241,241,0.0,0.1442597801681612,0.7370779310229735,1.6092271451753064,0.5714285714285714,0.5714285714285714,0.5714285714285714,0.10086718415836617
2019-09-12 10:00,0.0,241,241,0.0,0.1333812356717651,0.6343866035308026,1.5850095599059302,0.1428571428571428,1.0,0.1428571428571428,0.09896851282386554
2019-09-12 11:00,0.0,241,241,0.0,0.24833580229889718,0.4098740962881015,1.5924086799512405,0.1428571428571428,0.5714285714285714,0.1428571428571428,0.09542581820133085
2019-09-12 12:00,0.0,241,241,0.0,0.31291132909459146,0.2934460004415626,1.59916958739771,0.1428571428571428,0.5714285714285714,1.0,0.09103226719608247
2019-09-12 13:00,0.0,241,241,0.0,0.3588378276221509,0.18164059357634854,1.5470638337726241,0.1428571428571428,0.5714285714285714,0.1428571428571428,0.08886299957307782
2019-09-12 14:00,0.0,241,241,0.0,0.39395836469019047,0.11405051423742041,1.552627520707352,0.5714285714285714,0.5714285714285714,0.5714285714285714,0.08400910608442902
2019-09-12 15:00,0.0,241,241,0.0,0.26064372361200805,0.11098176619421551,1.5259046367797304,0.1428571428571428,1.0,0.5714285714285714,0.0815414888426049
2019-09-12 16:00,0.0,180,220,0.01910926829268292,0.3043494637178224,0.11110689450302888,1.4989564075543584,0.1428571428571428,0.5714285714285714,1.0,0.07961025566509565
2019-09-12 17:00,0.0,126,154,0.018591627906976736,0.33694123358794315,0.10548410379404664,1.446683375763313,0.1428571428571428,0.1428571428571428,1.0,0.0784190762775367
2019-09-12 18:00,0.0,72,88,0.018591627906976736,0.36218121272279674,0.1947468709956259,1.3950692328251755,0.1428571428571428,0.1428571428571428,0.5714285714285714,0.07665621921824316
2019-09-12 19:00,0.0,18,22,0.018591627906976736,0.38210646011522176,0.24294736569786227,1.368429546384618,0.1428571428571428,0.1428571428571428,0.1428571428571428,0.07381840198940011
2019-09-12 20:00,0.7755000000000578,0,0,0.00798,0.40642025505101814,0.28833041497308404,1.3725771780941276,0.1428571428571428,1.0,0.5714285714285714,0.07024059391537565
2019-09-12 21:00,0.023940000000010286,60,74,0.0069565116279069715,0.4351150690630262,0.10865676283586417,1.347487764872302,0.1428571428571428,0.1428571428571428,0.1428571428571428,0.069896822174116
2019-09-12 22:00,0.0,6,8,0.0069565116279069715,0.45829955636931663,0.21028190462946214,1.3519171625563553,0.1428571428571428,0.1428571428571428,1.0,0.06790587876543915
2019-09-12 23:00,0.3809400000001588,0,0,0.006585454545454547,0.4822302862683555,0.2739594662883572,1.301912853672718,0.5714285714285714,0.1428571428571428,0.1428571428571428,0.06830558767208936
2019-09-13 00:00,0.21732000000002216,241,241,0.0,0.3562598774435811,0.3262335071858079,1.3071033049122038,1.0,0.5714285714285714,0.1428571428571428,0.06658616393138218
2019-09-13 01:00,0.0,241,241,0.0,0.11467020532597087,0.20095729706580528,1.3120274398933822,0.1428571428571428,0.1428571428571428,1.0,0.0670418581600879
2019-09-13 02:00,0.0,241,241,0.0,0.21526957760971838,0.2653664701372017,1.2609820586363427,0.1428571428571428,0.1428571428571428,0.5714285714285714,0.06931488538737327
2019-09-13 03:00,0.0,241,241,0.0,0.27034405358820673,0.30894268207947034,1.2341577903225946,0.1428571428571428,0.5714285714285714,0.5714285714285714,0.06828961328973185
2019-09-13 04:00,0.0,241,241,0.0,0.30897112360834955,0.16600882234236833,1.2067494312901463,0.5714285714285714,1.0,0.5714285714285714,0.06749858258195861
2019-09-13 05:00,0.0,241,241,0.0,0.1588871549440588,0.09852875737802458,1.178728106319094,1.0,0.5714285714285714,1.0,0.06682158440820893
2019-09-13 06:00,0.0,241,241,0.0,0.09184653260506712,0.09507481552157145,1.123675843649844,0.5714285714285714,0.1428571428571428,0.5714285714285714,0.06691295050286478
2019-09-13 07:00,0.0,196,240,0.19998,0.08770965041229607,0.18101341672203888,1.0941752960476772,0.1428571428571428,0.1428571428571428,1.0,0.06523176115039206
2019-09-13 08:00,0.0,142,174,0.19998,0.1727501988987324,0.22605936475122995,1.0366098124505085,0.5714285714285714,0.1428571428571428,1.0,0.06421776624815982
2019-09-13 09:00,0.0,88,108,0.19998,0.08325292826405459,0.2568868901205613,0.9773232028150699,0.1428571428571428,0.1428571428571428,0.1428571428571428,0.06305749733113822
2019-09-13 10:00,0.0,34,42,0.19998,0.16225574685761932,0.27961046610862866,0.9803923991353062,0.5714285714285714,0.1428571428571428,0.1428571428571428,0.06000967701920578
2019-09-13 11:00,0.7999199999999931,241,241,0.0,0.0874768442262385,0.3046527603561262,0.9840416731838285,0.5714285714285714,1.0,0.1428571428571428,0.057523754059610806
2019-09-13 12:00,0.0,241,241,0.0,0.08779561943927518,0.09430586650738074,0.9889777469089612,1.0,0.5714285714285714,1.0,0.0567220674708425
2019-09-13 13:00,0.0,241,241,0.0,0.08737317641039787,0.08992353224569319,0.9294525749927528,0.1428571428571428,0.5714285714285714,0.5714285714285714,0.05785750223519886
2019-09-13 14:00,0.0,241,241,0.0,0.18165105041676213,0.08726952870200538,0.8977730387535293,0.5714285714285714,1.0,0.1428571428571428,0.05746050758272004
2019-09-13 15:00,0.0,241,241,0.0,0.08319022093787729,0.08646553993369205,0.9020067310278495,0.5714285714285714,1.0,0.5714285714285714,0.055899113808836505
2019-09-13 16:00,0.0,241,241,0.0,0.08046761892010061,0.08438485082728585,0.8692024831706731,0.5714285714285714,0.1428571428571428,0.1428571428571428,0.05562852816219623
2019-09-13 17:00,0.0,241,241,0.0,0.07818286591489647,0.1669803015572775,0.8728282371011533,0.5714285714285714,1.0,0.5714285714285714,0.05394516046262835
2019-09-13 18:00,0.0,241,241,0.0,0.07606168298828445,0.08019082109221756,0.8388149990804388,0.1428571428571428,0.1428571428571428,0.1428571428571428,0.053673691732893505
2019-09-13 19:00,0.0,241,241,0.0,0.15480297659858303,0.15687387365615166,0.8418998375289278,0.1428571428571428,0.1428571428571428,0.1428571428571428,0.051931929221116085
2019-09-13 20:00,0.0,241,241,0.0,0.19349023968703194,0.1951880762177682,0.8446425269899445,0.1428571428571428,0.5714285714285714,0.1428571428571428,0.05017380786692471
2019-09-13 21:00,0.0,241,241,0.0,0.21916113326745432,0.07347889653063644,0.8470159068479682,0.1428571428571428,0.1428571428571428,0.1428571428571428,0.0489736840478742
2019-09-13 22:00,0.0,241,241,0.0,0.2375138027998652,0.14271503054495419,0.8490432980878709,0.1428571428571428,0.1428571428571428,0.1428571428571428,0.04763784594803679
2019-09-13 23:00,0.0,241,241,0.0,0.25094184347977166,0.17634426909926132,0.8507442751938614,0.5714285714285714,0.5714285714285714,1.0,0.046284916585039776
2019-09-14 00:00,0.0,241,241,0.0,0.06965752563258355,0.06964096954104948,0.7826679691433758,0.1428571428571428,0.5714285714285714,1.0,0.04736632026820318
2019-09-14 01:00,0.0,241,241,0.0,0.13068901098917296,0.06731261569154952,0.711750016264412,0.5714285714285714,0.1428571428571428,1.0,0.04799931027436913
2019-09-14 02:00,0.0,241,241,0.0,0.06256962027607223,0.12710614615710575,0.6375891345038815,0.1428571428571428,1.0,1.0,0.04794903378555579
2019-09-14 03:00,0.0,241,241,0.0,0.1215745226007793,0.063893274954252,0.5595230676512476,0.1428571428571428,1.0,1.0,0.0476553094586684
2019-09-14 04:00,0.0,241,241,0.0,0.14839232793589371,0.06177999419520553,0.4766241997325152,1.0,1.0,0.1428571428571428,0.04698198967188465
2019-09-14 05:00,0.0,241,241,0.0,0.05866948184416991,0.06080254427524933,0.4798603226367303,1.0,0.1428571428571428,0.5714285714285714,0.04488785639235491
2019-09-14 06:00,0.0,241,241,0.0,0.057064972717934453,0.11272500508956095,0.4328927048896647,0.1428571428571428,1.0,0.5714285714285714,0.04383063912438902
2019-09-14 07:00,0.0,241,241,0.0,0.10804494624383515,0.05796225421726134,0.3837712755284731,0.5714285714285714,0.5714285714285714,0.5714285714285714,0.04288199052743773
2019-09-14 08:00,0.0,241,241,0.0,0.05416309137338573,0.05627989366047203,0.3322401318046324,0.5714285714285714,0.5714285714285714,0.5714285714285714,0.04191182864740856
2019-09-14 09:00,0.0,241,241,0.0,0.052923277397980334,0.05504402705702744,0.27789628359551655,0.1428571428571428,1.0,0.5714285714285714,0.040960388726728005
2019-09-14 10:00,0.0,241,241,0.0,0.0989037239592598,0.054103598816057405,0.22029471942627896,0.5714285714285714,0.1428571428571428,0.1428571428571428,0.03999145074924751
2019-09-14 11:00,0.0,241,241,0.0,0.05089211964382192,0.09743890204743337,0.22918918208134978,0.5714285714285714,1.0,0.5714285714285714,0.038530612566461786
2019-09-14 12:00,0.0,241,241,0.0,0.049855643200057774,0.052254849589635714,0.16749388140109986,0.5714285714285714,0.1428571428571428,1.0,0.03781961959247399
2019-09-14 13:00,0.0,241,241,0.0,0.0489006155329527,0.09225629864283526,0.06167054822401616,1.0,1.0,0.5714285714285714,0.037078780942622534
2019-09-14 14:00,0.0,241,241,0.0,0.04836183951151555,0.05028163149514833,0.05694452697999043,1.0,0.5714285714285714,0.1428571428571428,0.036069942506549726
2019-09-14 15:00,0.0,241,241,0.0,0.04748597346508999,0.04891613554286353,0.09498738490140632,0.5714285714285714,0.1428571428571428,0.1428571428571428,0.035053104318102664
2019-09-14 16:00,0.0,241,241,0.0,0.04628968874028226,0.08474801479869114,0.1173663487806524,0.1428571428571428,1.0,1.0,0.03412428327695094
2019-09-14 17:00,0.0,241,241,0.0,0.08129185963936447,0.04748481450804,0.05383255181179316,0.5714285714285714,1.0,0.5714285714285714,0.03357782834905677
2019-09-14 18:00,0.0,241,241,0.0,0.04476107365437367,0.04669146144674447,0.052111214171405386,0.1428571428571428,0.1428571428571428,0.5714285714285714,0.03287833386589946
2019-09-14 19:00,0.0,241,241,0.0,0.07696007301024867,0.07813219702287715,0.051071326811864215,1.0,0.5714285714285714,0.5714285714285714,0.03220208302500695
2019-09-14 20:00,0.0,241,241,0.0,0.0435815136607117,0.04484732578926771,0.050122833850380535,0.5714285714285714,0.1428571428571428,0.5714285714285714,0.03161721104170068
2019-09-14 21:00,0.0,241,241,0.0,0.04249672631384306,0.07395263254233675,0.04921192748152568,1.0,1.0,0.1428571428571428,0.03104203348963652
2019-09-14 22:00,0.0,241,241,0.0,0.0420842656582226,0.04367401966343579,0.08285464010019124,0.5714285714285714,0.1428571428571428,0.1428571428571428,0.030456480884229104
2019-09-14 23:00,0.0,181,221,0.03700349999999998,0.04108558080602753,0.07010542839617674,0.10198043105930817,0.1428571428571428,0.1428571428571428,0.5714285714285714,0.029891869453821055
2019-09-15 00:00,0.0,127,155,0.04499819999999998,0.06704165970570927,0.07815456621171987,0.04729595733139985,0.1428571428571428,0.1428571428571428,0.5714285714285714,0.029534209637944783
2019-09-15 01:00,0.0,73,89,0.04330649999999991,0.07448656899227729,0.08087041498497469,0.04595470676361293,0.1428571428571428,0.5714285714285714,0.1428571428571428,0.029040687036410703
2019-09-15 02:00,0.0,19,23,0.04216626506024087,0.07678729182970909,0.04060204871277823,0.07713157351194079,0.1428571428571428,0.5714285714285714,0.1428571428571428,0.028556523573801288
2019-09-15 03:00,1.4401199999999434,0,0,0.04377543307086609,0.11063158431948358,0.053454178555547224,0.10691316631919535,0.5714285714285714,0.5714285714285714,0.1428571428571428,0.028114124999544614
2019-09-15 04:00,3.009719999999959,0,0,0.03805611940298508,0.0998022867869706,0.09958516682968517,0.16777520876932464,0.5714285714285714,0.5714285714285714,0.1428571428571428,0.028047307326466993
2019-09-15 05:00,2.4674399999999537,0,0,0.011760000000000001,0.2107333641376737,0.2096675298737878,0.2582565363518473,0.1428571428571428,1.0,0.1428571428571428,0.028900532374104466
2019-09-15 06:00,0.08231999999998152,241,241,0.0,0.4157285366581065,0.17609792932369614,0.3359583123305937,1.0,1.0,0.1428571428571428,0.03209832307984599
2019-09-15 07:00,0.0,241,241,0.0,0.27396052209947874,0.17278288499823258,0.3937687380790893,0.1428571428571428,1.0,1.0,0.0383234889075809
2019-09-15 08:00,0.0,241,241,0.0,0.4228821234652526,0.16733642075375557,0.346478489720792,0.1428571428571428,0.1428571428571428,1.0,0.047457912535169365
2019-09-15 09:00,0.0,241,241,0.0,0.5184450904055155,0.3549010995992176,0.29897428987997804,0.5714285714285714,0.1428571428571428,0.5714285714285714,0.05402189598616396
2019-09-15 10:00,0.0,241,241,0.0,0.45179450677662225,0.45764629977614935,0.29808707815862456,0.1428571428571428,0.5714285714285714,0.1428571428571428,0.05739648037988754
2019-09-15 11:00,0.0,241,241,0.0,0.5257832132394991,0.3899646703506775,0.3478224769659984,0.1428571428571428,1.0,0.1428571428571428,0.059628408374715405
2019-09-15 12:00,0.0,241,241,0.0,0.5829634232929889,0.19261515811228216,0.38793556933129875,0.1428571428571428,0.1428571428571428,0.1428571428571428,0.061511259356535244
2019-09-15 13:00,0.0,241,241,0.0,0.628786137973022,0.3224169798790836,0.4214672810143835,0.1428571428571428,0.5714285714285714,1.0,0.0613573881157715
2019-09-15 14:00,0.0,241,241,0.0,0.666312292316424,0.24241145406584985,0.35881117383481254,1.0,1.0,0.5714285714285714,0.061483755689046515
2019-09-15 15:00,0.0,241,241,0.0,0.4511657121248288,0.11828525095278682,0.3385758028194233,1.0,1.0,1.0,0.06185967003694999
2019-09-15 16:00,0.0,241,241,0.0,0.20747604675383555,0.11809084441140014,0.27213564743965707,0.1428571428571428,1.0,0.1428571428571428,0.06330851628251392
2019-09-15 17:00,0.0,241,241,0.0,0.29921920424580617,0.11017272239446689,0.31002688076113394,1.0,1.0,1.0,0.06275182397944862
2019-09-15 18:00,0.0,241,241,0.0,0.10093411101078152,0.10541579013853815,0.23964913418209213,1.0,0.5714285714285714,0.5714285714285714,0.06204263451702414
2019-09-15 19:00,0.0,241,241,0.0,0.09492432595194471,0.09960090587397116,0.22013197219420574,0.5714285714285714,0.5714285714285714,0.5714285714285714,0.06050263439007271
2019-09-15 20:00,0.0,241,241,0.0,0.0868459675669722,0.09178609704108166,0.2006269129635983,0.1428571428571428,0.5714285714285714,1.0,0.05871542908103138
2019-09-15 21:00,0.0,241,241,0.0,0.21112950479866713,0.08762994762030843,0.13133450983754288,0.1428571428571428,0.1428571428571428,1.0,0.05705743698536667
2019-09-15 22:00,0.0,241,241,0.0,0.27284433836353117,0.20535465414846926,0.09396394831789544,0.1428571428571428,0.1428571428571428,0.1428571428571428,0.05477021400921634
2019-09-15 23:00,0.0,241,241,0.0,0.31553140302220073,0.26419778510536385,0.1634986748344904,0.5714285714285714,0.5714285714285714,1.0,0.05213473981678708
2019-09-16 00:00,0.0,241,241,0.0,0.16332987031222015,0.11914433177950612,0.09375241213968721,1.0,0.5714285714285714,1.0,0.05133008421908803
2019-09-16 01:00,0.0,241,241,0.0,0.08065614219404632,0.0846581626888293,0.08664322819660346,1.0,1.0,0.5714285714285714,0.050814397558535666
2019-09-16 02:00,0.0,241,241,0.0,0.07745829931983553,0.08187789024195707,0.09563535534057668,0.1428571428571428,1.0,0.5714285714285714,0.049880252142318574
2019-09-16 03:00,0.0,241,241,0.0,0.1737326119208258,0.07847322651994733,0.09547967458853306,0.5714285714285714,0.1428571428571428,0.1428571428571428,0.048708509891544405
2019-09-16 04:00,0.0,241,241,0.0,0.07298417673450514,0.16974168482451474,0.15179214133934155,0.1428571428571428,0.1428571428571428,1.0,0.04711049173051616
2019-09-16 05:00,0.0,241,241,0.0,0.16272683984573744,0.21486118018561287,0.08022878249023192,0.5714285714285714,1.0,1.0,0.04608764139286469
2019-09-16 06:00,0.0,241,241,0.0,0.06935812033750381,0.07399894901089599,0.07682954570128321,0.5714285714285714,0.5714285714285714,0.5714285714285714,0.0453689197961546
2019-09-16 07:00,0.0,241,241,0.0,0.0673659743648748,0.07084704996444728,0.07819317019871103,1.0,0.1428571428571428,0.5714285714285714,0.04453540521610816
2019-09-16 08:00,0.0,241,241,0.0,0.06625499057904645,0.14972738821689788,0.0758428999468468,0.5714285714285714,0.1428571428571428,1.0,0.043500224077352975
2019-09-16 09:00,0.0,241,241,0.0,0.06411164655901012,0.18760171211700732,0.07171948770115466,0.1428571428571428,1.0,0.1428571428571428,0.04242456531013722
2019-09-16 10:00,0.0,241,241,0.0,0.1390912626836333,0.06654991504979135,0.12639824779950024,0.1428571428571428,0.1428571428571428,0.1428571428571428,0.04159419715785474
2019-09-16 11:00,0.0,241,241,0.0,0.1739268695683792,0.1367778350859267,0.15930156517954328,0.1428571428571428,0.1428571428571428,0.1428571428571428,0.040521621988035876
2019-09-16 12:00,0.0,241,241,0.0,0.1964634409807705,0.16974719643751685,0.18377472309189924,1.0,1.0,0.1428571428571428,0.039405047547763236
2019-09-16 13:00,0.0,241,241,0.0,0.0601677477318771,0.06285762153365732,0.20334849492485915,1.0,0.5714285714285714,0.5714285714285714,0.03884110240980951
2019-09-16 14:00,0.0,241,241,0.0,0.05828867525812482,0.06064195446775568,0.1493402725955183,1.0,0.5714285714285714,1.0,0.03871059877630794
2019-09-16 15:00,0.0,241,241,0.0,0.05682932510329588,0.059012184657182595,0.06517586807986853,1.0,0.5714285714285714,1.0,0.03837171876630064
2019-09-16 16:00,0.0,241,241,0.0,0.055560845457109063,0.05757789822204874,0.06263940564000486,0.5714285714285714,0.1428571428571428,0.1428571428571428,0.03765291141369336
2019-09-16 17:00,0.0,241,241,0.0,0.05393667739047711,0.11444945716239617,0.10958824822724551,0.5714285714285714,0.1428571428571428,0.1428571428571428,0.036734757556404325
2019-09-16 18:00,0.0,241,241,0.0,0.052843227064465446,0.13941271237128514,0.13737818846104344,1.0,0.5714285714285714,0.5714285714285714,0.03586592161215007
2019-09-16 19:00,0.0,241,241,0.0,0.05223101271054433,0.054474634987231554,0.08115152181834442,0.5714285714285714,0.5714285714285714,1.0,0.03557056040811757
2019-09-16 20:00,0.0,211,257,0.09523714285714283,0.05079169789140364,0.05308592716929955,0.05801504202378771,0.1428571428571428,0.1428571428571428,1.0,0.03502832917517647
2019-09-16 21:00,0.0,157,191,0.028578857142857142,0.10072543457340613,0.10204258659577507,0.05684252765802753,0.5714285714285714,0.1428571428571428,0.1428571428571428,0.0343488395819952
2019-09-16 22:00,0.0,103,125,0.028578857142857142,0.04900485419963937,0.1223815878546221,0.09927189465912994,0.1428571428571428,0.5714285714285714,0.1428571428571428,0.03356196205811703
2019-09-16 23:00,0.0,49,59,0.028578857142857142,0.0952127191322193,0.05021821064027002,0.12400013459110133,0.1428571428571428,0.1428571428571428,0.1428571428571428,0.033009039386335516
2019-09-17 00:00,0.6332999999999913,0,0,0.012653793103448278,0.11547454185898734,0.09616634932472705,0.14262335913566734,0.1428571428571428,0.5714285714285714,0.5714285714285714,0.03237626821449137
2019-09-17 01:00,0.3669599999999775,87,107,0.044459999999999986,0.16646449882836387,0.05907756449915061,0.09535319186376091,0.1428571428571428,0.5714285714285714,1.0,0.03224901380322563
2019-09-17 02:00,0.0,33,41,0.044459999999999986,0.19926619705892581,0.059446559530109355,0.058955665414809344,0.5714285714285714,0.5714285714285714,1.0,0.03221467503850335
2019-09-17 03:00,0.4001399999999933,73,89,0.020881791044776197,0.06488633011387537,0.06530164552336727,0.06095301521965795,0.5714285714285714,0.1428571428571428,0.1428571428571428,0.03240958086154513
2019-09-17 04:00,0.0,19,23,0.020881791044776197,0.06432015364123847,0.15591116052175344,0.12243601019431655,0.1428571428571428,0.1428571428571428,0.1428571428571428,0.0326245588967324
2019-09-17 05:00,1.2995400000000643,0,0,0.01577494736842106,0.16704883325808165,0.21105063531017454,0.1628585126763586,1.0,0.1428571428571428,0.5714285714285714,0.03290458737934823
2019-09-17 06:00,1.2043199999999956,0,0,0.008408571428571425,0.09588470340012419,0.3113843281551848,0.1557673317742149,0.5714285714285714,0.1428571428571428,1.0,0.033759983112630884
2019-09-17 07:00,0.29429999999995005,241,241,0.0,0.13026409087298085,0.3929240109785446,0.10519269965056001,0.1428571428571428,0.1428571428571428,1.0,0.03538484493930827
2019-09-17 08:00,0.0,241,241,0.0,0.27792876405850164,0.45474910794370593,0.0831665524575788,0.1428571428571428,0.1428571428571428,0.5714285714285714,0.03752302270935126
2019-09-17 09:00,0.0,241,241,0.0,0.35782917857407975,0.502558841907093,0.11615576055770736,0.5714285714285714,0.5714285714285714,0.5714285714285714,0.0396112098062274
2019-09-17 10:00,0.0,241,241,0.0,0.24959385175789492,0.3945075463204313,0.1267228003550237,1.0,1.0,0.1428571428571428,0.0423879578641636
2019-09-17 11:00,0.0,241,241,0.0,0.09773031282959914,0.14734095915062057,0.19260246373600426,0.1428571428571428,0.5714285714285714,0.1428571428571428,0.04596881085411826
2019-09-17 12:00,0.0,241,241,0.0,0.23260815960533032,0.11488580510509548,0.23705191089623498,0.1428571428571428,1.0,0.1428571428571428,0.048603832701011
2019-09-17 13:00,0.0,241,241,0.0,0.3010900977550322,0.09763309776034201,0.27146262368311236,0.1428571428571428,0.1428571428571428,0.5714285714285714,0.049513796384208504
2019-09-17 14:00,0.0,241,241,0.0,0.3488918104578741,0.2188578783648784,0.2402336819643851,0.1428571428571428,1.0,1.0,0.04937969530667308
2019-09-17 15:00,0.0,241,241,0.0,0.3851429901640788,0.08769477631409943,0.1557702811836759,1.0,0.1428571428571428,1.0,0.04931351770561647
2019-09-17 16:00,0.0,241,241,0.0,0.09614836065985172,0.20246335083695427,0.0875125633410704,0.1428571428571428,0.1428571428571428,1.0,0.04874133638240196
2019-09-17 17:00,0.0,241,241,0.0,0.1995345852620769,0.26025891707243193,0.08357357137325394,1.0,0.1428571428571428,1.0,0.04813578652576376
2019-09-17 18:00,0.0,241,241,0.0,0.07869414972205292,0.3000775084277613,0.08181504139004526,0.1428571428571428,0.5714285714285714,1.0,0.047276157496083916
2019-09-17 19:00,0.0,241,241,0.0,0.18181719250328574,0.14194424883644366,0.08053026781306673,0.1428571428571428,0.5714285714285714,0.5714285714285714,0.046952515797729945
2019-09-17 20:00,0.0,241,241,0.0,0.23246297098675295,0.07705525361447538,0.08626414251468048,0.5714285714285714,0.1428571428571428,0.5714285714285714,0.04632929229282079
2019-09-17 21:00,0.0,241,241,0.0,0.0749434054364383,0.1715948289887233,0.08494377974834376,1.0,1.0,0.1428571428571428,0.0451915736326684
2019-09-17 22:00,0.0,241,241,0.0,0.07031269710299706,0.07445873307657036,0.14099681138734396,0.5714285714285714,0.5714285714285714,1.0,0.04429917842545949
2019-09-17 23:00,0.0,241,241,0.0,0.0675471780881478,0.07127885851653286,0.0752013483342183,1.0,0.5714285714285714,0.1428571428571428,0.043738987836644844
2019-09-18 00:00,0.0,241,241,0.0,0.06638689951375425,0.06917700477060276,0.131715014425056,1.0,0.1428571428571428,0.5714285714285714,0.04262946666595566
2019-09-18 01:00,0.0,241,241,0.0,0.06476282592636164,0.15097837661687333,0.09647567012370052,0.5714285714285714,1.0,0.1428571428571428,0.04174870228900453
2019-09-18 02:00,0.0,241,241,0.0,0.06266262181133728,0.06662647671868073,0.13992645217410934,0.1428571428571428,1.0,0.5714285714285714,0.04079868397466074
2019-09-18 03:00,0.0,241,241,0.0,0.14029878681600702,0.06449171950364005,0.09773240558811347,0.1428571428571428,0.1428571428571428,0.1428571428571428,0.040158222232494475
2019-09-18 04:00,0.0,241,241,0.0,0.1761231649846093,0.13759718206177557,0.13732767115802616,0.5714285714285714,0.1428571428571428,0.1428571428571428,0.038998085445170846
2019-09-18 05:00,0.0,241,241,0.0,0.059352866658882855,0.1716765170953312,0.16451166990530422,0.1428571428571428,1.0,1.0,0.037964918452392624
2019-09-18 06:00,0.0,241,241,0.0,0.12846759764985557,0.06125455158429039,0.06659759088515524,0.5714285714285714,0.5714285714285714,0.1428571428571428,0.037914825324594725
2019-09-18 07:00,0.0,241,241,0.0,0.05644400659463698,0.05914975970074915,0.1143683505842467,0.5714285714285714,0.5714285714285714,1.0,0.03715560864943029
2019-09-18 08:00,0.0,241,241,0.0,0.05505874737205105,0.05771898114588042,0.06169018483162873,0.1428571428571428,1.0,0.1428571428571428,0.03668852479814299
2019-09-18 09:00,0.0,241,241,0.0,0.11727054057570573,0.05662564425451855,0.10871327734485332,0.1428571428571428,1.0,1.0,0.03588020695870914
2019-09-18 10:00,0.0,241,241,0.0,0.1443461901458981,0.055141335104750305,0.05924073348585805,1.0,0.5714285714285714,0.1428571428571428,0.03531928897595092
2019-09-18 11:00,0.0,241,241,0.0,0.05253698117629873,0.05410140253347451,0.1044141297321464,1.0,1.0,1.0,0.03455716118635912
2019-09-18 12:00,0.0,241,241,0.0,0.05125933662256676,0.053538227620487405,0.05703587410582966,0.1428571428571428,0.5714285714285714,0.1428571428571428,0.034134271150179675
2019-09-18 13:00,0.0,241,241,0.0,0.10452706532294692,0.05181410596694767,0.10041847594538321,1.0,0.1428571428571428,0.1428571428571428,0.03344804001916045
2019-09-18 14:00,0.0,241,241,0.0,0.049284254608094234,0.10262684271973928,0.12566903367708926,1.0,0.5714285714285714,0.1428571428571428,0.03275727513638271
2019-09-18 15:00,0.0,241,241,0.0,0.048265176379722656,0.05011361480721322,0.14410028964857183,1.0,0.1428571428571428,1.0,0.03221548084377868
2019-09-18 16:00,0.0,241,241,0.0,0.04732768059228215,0.0970658482956241,0.0538251203853133,1.0,1.0,1.0,0.031990320437745336
2019-09-18 17:00,0.0,241,241,0.0,0.04644160664040652,0.04859387070330015,0.052130548423930806,0.5714285714285714,0.5714285714285714,0.5714285714285714,0.0315014915255462
2019-09-18 18:00,0.0,241,241,0.0,0.04521400191325409,0.04721565412639959,0.05085363491079082,0.1428571428571428,1.0,0.5714285714285714,0.031004881229158475
2019-09-18 19:00,0.0,241,241,0.0,0.08786975347669836,0.04657201531522572,0.04997979805906303,0.1428571428571428,0.1428571428571428,0.1428571428571428,0.030502321029024344
2019-09-18 20:00,0.0,241,241,0.0,0.10377526814717575,0.08659905708678517,0.08787696195947478,0.5714285714285714,0.5714285714285714,0.1428571428571428,0.029868423096124756
2019-09-18 21:00,0.0,241,241,0.0,0.043087638165170715,0.044814109449260044,0.10934973949258073,1.0,0.5714285714285714,0.5714285714285714,0.029367991342190244
2019-09-18 22:00,0.0,241,241,0.0,0.04258025232707984,0.04403328475284776,0.048740596518526615,1.0,0.1428571428571428,1.0,0.02913066320054182
2019-09-18 23:00,0.0,241,241,0.0,0.041804080978057295,0.07969636248299647,0.047128521158547626,1.0,0.5714285714285714,0.1428571428571428,0.028679939610116476
2019-09-19 00:00,0.0,241,241,0.0,0.04107790723827866,0.042548900594229416,0.08193438340532502,1.0,1.0,1.0,0.028205141413567194
2019-09-19 01:00,0.0,241,241,0.0,0.040385443109548724,0.04208972068852327,0.045722095112284394,1.0,1.0,1.0,0.02788577723375943
2019-09-19 02:00,0.0,241,241,0.0,0.03971866501257537,0.04135962539539977,0.04497406984768111,0.5714285714285714,0.5714285714285714,0.1428571428571428,0.027483045867276353
2019-09-19 03:00,0.0,241,241,0.0,0.03876202846191807,0.04035556996980213,0.07774697575547664,1.0,1.0,0.1428571428571428,0.02702041392442547
2019-09-19 04:00,0.0,241,241,0.0,0.03844676466646085,0.0400020719908154,0.09589118933199393,0.5714285714285714,0.5714285714285714,0.1428571428571428,0.0265933275289718
2019-09-19 05:00,0.0,241,241,0.0,0.03753968410575219,0.03906012159983603,0.10867893680998024,0.1428571428571428,0.1428571428571428,1.0,0.026192673428236734
2019-09-19 06:00,0.0,241,241,0.0,0.0644421872531612,0.06550115515516695,0.04243916603276867,0.1428571428571428,0.5714285714285714,0.5714285714285714,0.025985760080233285
2019-09-19 07:00,0.0,241,241,0.0,0.07174902991260385,0.03778989578498894,0.041381948346611706,0.5714285714285714,0.5714285714285714,0.1428571428571428,0.025622394838506448
2019-09-19 08:00,0.0,241,241,0.0,0.035927374901237076,0.037293957534707975,0.07122598157925127,0.5714285714285714,0.1428571428571428,0.5714285714285714,0.025216052288586505
2019-09-19 09:00,0.0,241,241,0.0,0.035337681971779375,0.060315645097921144,0.040213127680655096,0.1428571428571428,0.5714285714285714,1.0,0.02493234344188072
2019-09-19 10:00,0.0,241,241,0.0,0.05762080498217375,0.036178366466556706,0.0399112818196163,0.5714285714285714,0.1428571428571428,1.0,0.024611930058378646
2019-09-19 11:00,0.0,241,241,0.0,0.03429343238315611,0.05706022640999063,0.03933894977814901,1.0,0.5714285714285714,0.5714285714285714,0.024280125015579
2019-09-19 12:00,0.0,241,241,0.0,0.03403166962163118,0.03514641748040899,0.03851276940723136,1.0,0.1428571428571428,0.1428571428571428,0.023977046816027414
2019-09-19 13:00,0.0,241,241,0.0,0.033527531797677645,0.054001778054228906,0.06552471288929,1.0,0.1428571428571428,0.1428571428571428,0.02361588069094039
2019-09-19 14:00,0.0,241,241,0.0,0.0330408830690975,0.05765294391960976,0.07975699991042125,0.5714285714285714,0.1428571428571428,0.1428571428571428,0.02327795130491848
2019-09-19 15:00,0.0,241,241,0.0,0.03232121124388834,0.05774834808199279,0.08941969090745096,1.0,0.1428571428571428,1.0,0.02296357732958778
2019-09-19 16:00,0.0,241,241,0.0,0.03210879733610275,0.056479307585292106,0.03676846607715495,1.0,0.1428571428571428,1.0,0.022795657269235853
2019-09-19 17:00,0.0,241,241,0.0,0.031661069152883976,0.05467052075950439,0.03623848442309166,0.1428571428571428,0.5714285714285714,0.1428571428571428,0.022512332512718593
2019-09-19 18:00,0.0,241,241,0.0,0.0460586114147248,0.03225374572386885,0.06050603781599857,0.5714285714285714,0.5714285714285714,0.5714285714285714,0.022210533287677817
2019-09-19 19:00,0.0,241,241,0.0,0.030585334241582728,0.03177987393108061,0.03506849552036455,0.5714285714285714,0.5714285714285714,0.5714285714285714,0.02198814071167111
2019-09-19 20:00,0.0,241,241,0.0,0.030163672627855728,0.031331712339144585,0.0346031737050537,0.5714285714285714,0.5714285714285714,0.1428571428571428,0.02172340986386753
2019-09-19 21:00,0.0,241,241,0.0,0.029755602751636134,0.030898796735211783,0.05757313255590968,0.1428571428571428,1.0,0.1428571428571428,0.021426406842692636
2019-09-19 22:00,0.0,241,241,0.0,0.04118858627106695,0.030681653759091206,0.06914071511756265,0.5714285714285714,0.1428571428571428,0.5714285714285714,0.021149248127092932
2019-09-19 23:00,0.0,241,241,0.0,0.028985803035684453,0.041029962610671156,0.033314992186960886,0.5714285714285714,1.0,0.5714285714285714,0.02095912548933885
2019-09-20 00:00,0.0,241,241,0.0,0.02860199715347438,0.029908608992092297,0.03287655711360984,0.5714285714285714,0.1428571428571428,1.0,0.020715192039273182
2019-09-20 01:00,0.0,241,241,0.0,0.028229623695460518,0.03889080408382757,0.03269747083822243,0.1428571428571428,0.1428571428571428,0.5714285714285714,0.02047105288279376
2019-09-20 02:00,0.0,241,241,0.0,0.036912811737953556,0.03909303754132676,0.03205791704452696,0.1428571428571428,0.1428571428571428,0.5714285714285714,0.02023175103603517
2019-09-20 03:00,0.0,241,241,0.0,0.036962112766071566,0.03813221963921394,0.03166151576092678,1.0,0.5714285714285714,0.1428571428571428,0.01999791281155096
2019-09-20 04:00,0.0,241,241,0.0,0.027384811494692234,0.02821176423901557,0.05153924856486499,1.0,0.5714285714285714,1.0,0.019748110449472337
2019-09-20 05:00,0.0,241,241,0.0,0.027035411634288995,0.027848382668503823,0.031137707481725,0.5714285714285714,0.1428571428571428,1.0,0.019560597107006465
2019-09-20 06:00,0.0,241,241,0.0,0.026503714238132966,0.034061250907128374,0.030759468873457624,0.1428571428571428,0.5714285714285714,1.0,0.019342065781870584
2019-09-20 07:00,0.0,241,241,0.0,0.0323035604342861,0.02715138970545777,0.030396344642977868,1.0,0.5714285714285714,0.5714285714285714,0.019130560106448733
2019-09-20 08:00,0.0,241,241,0.0,0.026051365199233,0.026818132864262035,0.029827131903566402,1.0,1.0,1.0,0.018922085497394655
2019-09-20 09:00,0.0,241,241,0.0,0.025734265013173812,0.02667694852676698,0.02968959631632871,0.1428571428571428,0.1428571428571428,1.0,0.018716951179146298
2019-09-20 10:00,0.0,241,241,0.0,0.02991063399726545,0.030759379571046932,0.02934452695171225,0.5714285714285714,1.0,0.1428571428571428,0.018513657889206392
2019-09-20 11:00,0.0,241,241,0.0,0.024947844324957374,0.026043060003757043,0.046320623850058064,0.1428571428571428,0.1428571428571428,0.1428571428571428,0.01829449289527372
2019-09-20 12:00,0.0,241,241,0.0,0.02844763960993523,0.029282955968473714,0.054036216295397996,0.1428571428571428,1.0,1.0,0.018088997928909615
2019-09-20 13:00,0.0,241,241,0.0,0.027891406390941807,0.02542755561301533,0.028364954388976144,0.1428571428571428,1.0,1.0,0.01793739292801785
2019-09-20 14:00,0.0,241,241,0.0,0.027199696778344332,0.025129356504241404,0.02804129311315558,0.1428571428571428,0.1428571428571428,1.0,0.01774964988985094
2019-09-20 15:00,0.0,241,241,0.0,0.02653017296349239,0.02725666511139406,0.027727901042546972,0.5714285714285714,1.0,0.5714285714285714,0.017564370343476226
2019-09-20 16:00,0.0,241,241,0.0,0.0235419230097946,0.024561094629744696,0.027230403521700617,1.0,1.0,1.0,0.017384356076785863
2019-09-20 17:00,0.0,241,241,0.0,0.023437879832917098,0.024280709791702947,0.027121964096927575,1.0,1.0,0.1428571428571428,0.017207197332411907
2019-09-20 18:00,0.0,241,241,0.0,0.023173572525019864,0.024005195265412168,0.04162662256013646,0.5714285714285714,1.0,0.5714285714285714,0.017015834092809722
2019-09-20 19:00,0.0,241,241,0.0,0.022754871018493047,0.02373526824937219,0.026356522140888176,0.1428571428571428,0.1428571428571428,0.5714285714285714,0.016863507314097994
2019-09-20 20:00,0.0,241,241,0.0,0.024184558334390927,0.024957125152951048,0.02607175800229774,0.5714285714285714,0.1428571428571428,0.5714285714285714,0.016694180984734457
2019-09-20 21:00,0.0,241,241,0.0,0.022258463285826723,0.024779855097527528,0.025793903417430455,0.1428571428571428,0.1428571428571428,0.1428571428571428,0.01652798573616209
2019-09-20 22:00,0.0,241,241,0.0,0.02390447809822737,0.024643760909608958,0.03912377862474487,1.0,0.1428571428571428,0.5714285714285714,0.016349702324150853
2019-09-20 23:00,0.0,241,241,0.0,0.021931607910438446,0.024500825553196444,0.025256040827916413,0.1428571428571428,0.1428571428571428,0.5714285714285714,0.016205587273619163
2019-09-21 00:00,0.0,241,241,0.0,0.023635000637768425,0.024347958378075258,0.02499151083509971,1.0,1.0,0.1428571428571428,0.016047742433168543
2019-09-21 01:00,0.0,241,241,0.0,0.021466321034950994,0.02222590331588065,0.037396022921116406,1.0,0.5714285714285714,1.0,0.01587984187209082
2019-09-21 02:00,0.0,241,241,0.0,0.02123867657288194,0.021842061896178565,0.024652598897019127,0.5714285714285714,0.1428571428571428,1.0,0.015742266225352873
2019-09-21 03:00,0.0,241,241,0.0,0.020871490438773264,0.0239423256061188,0.024399055992933447,1.0,1.0,0.1428571428571428,0.015591646354020522
2019-09-21 04:00,0.0,241,241,0.0,0.020796231479936273,0.021529381668774435,0.03580033132183297,1.0,0.5714285714285714,0.1428571428571428,0.01543254656650251
2019-09-21 05:00,0.0,241,241,0.0,0.020581143704498765,0.021162992187613847,0.04003506825303749,0.5714285714285714,1.0,0.1428571428571428,0.015283378767321542
2019-09-21 06:00,0.0,241,241,0.0,0.020231248169873355,0.0210829818075757,0.04197789989795668,0.1428571428571428,0.5714285714285714,1.0,0.015139614501117615
2019-09-21 07:00,0.0,241,241,0.0,0.02255151029531529,0.020726317134750337,0.02344207073946268,0.1428571428571428,0.1428571428571428,0.1428571428571428,0.015020672810953017
2019-09-21 08:00,0.0,241,241,0.0,0.02232017230300989,0.02301780693012134,0.03372410760389495,0.1428571428571428,1.0,0.5714285714285714,0.014870273097786851
2019-09-21 09:00,0.0,241,241,0.0,0.022091962004840756,0.02044431983484884,0.0228241344291031,0.1428571428571428,1.0,0.1428571428571428,0.014744766155113326
2019-09-21 10:00,0.0,241,241,0.0,0.02186714650233573,0.020238516812844533,0.03268843008543875,0.5714285714285714,0.5714285714285714,0.1428571428571428,0.014600498010952775
2019-09-21 11:00,0.0,241,241,0.0,0.019240306635490943,0.019908354799103602,0.03598284446641011,0.1428571428571428,0.1428571428571428,0.5714285714285714,0.014465206469705545
2019-09-21 12:00,0.0,241,241,0.0,0.0214259605870642,0.022094016380697006,0.022169489466522595,0.5714285714285714,0.5714285714285714,0.1428571428571428,0.014348728236513522
2019-09-21 13:00,0.0,241,241,0.0,0.01886408215570027,0.019520018279786028,0.03126175963703981,0.1428571428571428,0.1428571428571428,0.5714285714285714,0.014212028941393845
2019-09-21 14:00,0.0,241,241,0.0,0.02100029742417675,0.021654850460336727,0.021749360512482368,0.5714285714285714,1.0,0.5714285714285714,0.014094138182316791
2019-09-21 15:00,0.0,241,241,0.0,0.018500525117363577,0.01926720125790092,0.021543946943268916,1.0,1.0,1.0,0.013969811389006062
2019-09-21 16:00,0.0,241,241,0.0,0.018445005700275557,0.0190805107404194,0.021487701606375757,0.1428571428571428,0.5714285714285714,0.5714285714285714,0.013847210547876465
2019-09-21 17:00,0.0,241,241,0.0,0.020387727313651738,0.018772955644228845,0.02114367494211366,1.0,1.0,0.5714285714285714,0.013726464666417696
2019-09-21 18:00,0.0,241,241,0.0,0.01809679054488883,0.018715632411801648,0.02094792249861318,0.5714285714285714,0.5714285714285714,0.5714285714285714,0.013607267211561604
2019-09-21 19:00,0.0,241,241,0.0,0.017807027349517605,0.01841988599023366,0.02075532149895048,0.5714285714285714,1.0,1.0,0.01348994281714995
2019-09-21 20:00,0.0,241,241,0.0,0.01764018715478919,0.018364620078925867,0.020705087709573928,0.1428571428571428,0.1428571428571428,0.5714285714285714,0.013374208477233918
2019-09-21 21:00,0.0,241,241,0.0,0.019616723039873638,0.020222170135148806,0.02037825242746905,0.1428571428571428,1.0,0.1428571428571428,0.013259695376607181
2019-09-21 22:00,0.0,241,241,0.0,0.0194331086928036,0.018023352435842303,0.027360142627244646,1.0,0.1428571428571428,0.5714285714285714,0.013141539277329847
2019-09-21 23:00,0.0,241,241,0.0,0.017271985751544944,0.019844314519220127,0.020013324468442322,1.0,0.5714285714285714,0.5714285714285714,0.013036664255512762
2019-09-22 00:00,0.0,241,241,0.0,0.017113611899174833,0.017583971726179964,0.019834860629839662,0.5714285714285714,0.5714285714285714,0.5714285714285714,0.012927862839022818
2019-09-22 01:00,0.0,241,241,0.0,0.016846953228548952,0.017423166868652876,0.019659283742287183,1.0,0.1428571428571428,0.1428571428571428,0.01282050367217625
2019-09-22 02:00,0.0,241,241,0.0,0.016804789399882586,0.019296876682918015,0.02579608644825918,0.1428571428571428,1.0,0.1428571428571428,0.01270912499853553
2019-09-22 03:00,0.0,241,241,0.0,0.01854900296889479,0.017218434472794482,0.027158194959591937,0.5714285714285714,1.0,0.5714285714285714,0.012603887440147092
2019-09-22 04:00,0.0,241,241,0.0,0.01639960161713156,0.017064602023741184,0.019148232183435875,0.5714285714285714,0.5714285714285714,1.0,0.012507484001688487
2019-09-22 05:00,0.0,241,241,0.0,0.016254149071618748,0.016806185977863916,0.019109577818023575,0.5714285714285714,0.5714285714285714,0.1428571428571428,0.012405656071494218
2019-09-22 06:00,0.0,241,241,0.0,0.01611104034504995,0.01665760280205483,0.02435306626048459,1.0,1.0,0.1428571428571428,0.012301257884118937
2019-09-22 07:00,0.0,241,241,0.0,0.016074254303547357,0.016615617658868324,0.025355194691596722,1.0,1.0,0.1428571428571428,0.012201677848067676
2019-09-22 08:00,0.0,241,241,0.0,0.015934480910680195,0.01647037315622925,0.02536572954942548,1.0,1.0,1.0,0.012104332123989755
2019-09-22 09:00,0.0,241,241,0.0,0.015796761205385684,0.016327286369883735,0.0184661674386475,0.5714285714285714,0.5714285714285714,1.0,0.012013305237033471
2019-09-22 10:00,0.0,241,241,0.0,0.015560141484153257,0.01608509648854766,0.01831021421817434,0.1428571428571428,0.5714285714285714,0.1428571428571428,0.01191806549566282
2019-09-22 11:00,0.0,241,241,0.0,0.017268893707910918,0.01594574568814697,0.022642631406104983,1.0,0.1428571428571428,0.5714285714285714,0.011820870366890293
2019-09-22 12:00,0.0,241,241,0.0,0.015396435943439906,0.01763941590039609,0.017885913987604612,0.1428571428571428,0.1428571428571428,0.5714285714285714,0.011731131603606268
2019-09-22 13:00,0.0,241,241,0.0,0.01697260642058029,0.017487739451990232,0.017737259980798555,0.5714285714285714,0.5714285714285714,0.1428571428571428,0.011639319119480216
2019-09-22 14:00,0.0,241,241,0.0,0.015041849134877813,0.015547256529867246,0.02166184375280669,0.1428571428571428,0.5714285714285714,0.1428571428571428,0.011546518846835815
2019-09-22 15:00,0.0,241,241,0.0,0.01668426186997548,0.015415374327639043,0.02214929002157153,0.5714285714285714,0.5714285714285714,0.5714285714285714,0.011457391838860138
2019-09-22 16:00,0.0,241,241,0.0,0.014792905330996642,0.015287433915031417,0.017305849306709073,1.0,0.5714285714285714,0.5714285714285714,0.011372947681351855
2019-09-22 17:00,0.0,241,241,0.0,0.014764400190536164,0.015160906569028094,0.01716555351526302,0.1428571428571428,0.1428571428571428,1.0,0.011286190962422523
2019-09-22 18:00,0.0,241,241,0.0,0.01626623350458926,0.016756924066255653,0.017139557009468814,0.1428571428571428,1.0,0.1428571428571428,0.011200067832698814
2019-09-22 19:00,0.0,241,241,0.0,0.01613158482106187,0.015004926007726804,0.020180951263506875,1.0,0.1428571428571428,0.1428571428571428,0.011113486217820509
2019-09-22 20:00,0.0,241,241,0.0,0.014406559413401356,0.016480250800592233,0.02042052213191808,1.0,1.0,1.0,0.011029662575880065
2019-09-22 21:00,0.0,241,241,0.0,0.014289627794726726,0.014763823724941415,0.016732830876237267,0.5714285714285714,0.1428571428571428,1.0,0.010949861655455
2019-09-22 22:00,0.0,241,241,0.0,0.014084892501264577,0.01621086429018657,0.016600474850125474,1.0,0.1428571428571428,0.5714285714285714,0.010868273122072737
2019-09-22 23:00,0.0,241,241,0.0,0.01406090565197592,0.01607918849701309,0.016362167397569086,0.5714285714285714,0.5714285714285714,0.5714285714285714,0.010787840606096614
2019-09-23 00:00,0.0,241,241,0.0,0.013861133199448412,0.014323753423580032,0.016234674242563783,0.1428571428571428,0.1428571428571428,0.5714285714285714,0.010708715344769864
2019-09-23 01:00,0.0,241,241,0.0,0.015356046043726443,0.015817993949129184,0.016108405348973627,0.5714285714285714,0.1428571428571428,0.5714285714285714,0.010630098798543293
2019-09-23 02:00,0.0,241,241,0.0,0.013644279208140242,0.015692018591525702,0.015983745120183006,1.0,1.0,1.0,0.010552484965686115
2019-09-23 03:00,0.0,241,241,0.0,0.01362278997897915,0.014073021490261966,0.01596516705338611,0.5714285714285714,0.5714285714285714,1.0,0.010476140932276527
2019-09-23 04:00,0.0,241,241,0.0,0.013431967283508548,0.013877398757358116,0.015843131768901078,0.5714285714285714,0.5714285714285714,1.0,0.010400720793715821
2019-09-23 05:00,0.0,241,241,0.0,0.013327956260217575,0.013769108407698353,0.015722562838731795,0.5714285714285714,1.0,1.0,0.010326139574582026
2019-09-23 06:00,0.0,241,241,0.0,0.013225333405891765,0.013745795985727113,0.01560344465405738,1.0,0.5714285714285714,0.1428571428571428,0.01025239121398834
2019-09-23 07:00,0.0,241,241,0.0,0.013206403460709113,0.013557142875288895,0.017089099819511924,1.0,1.0,0.5714285714285714,0.010178613248588613
2019-09-23 08:00,0.0,241,241,0.0,0.01310573350274893,0.013535200699940108,0.015269919193460725,0.1428571428571428,1.0,0.1428571428571428,0.010107579393972943
2019-09-23 09:00,0.0,241,241,0.0,0.014415769998830461,0.013431220610751443,0.016635041583665064,0.5714285714285714,0.5714285714285714,0.1428571428571428,0.010035512892787719
2019-09-23 10:00,0.0,241,241,0.0,0.01282873317620967,0.013249538536979966,0.01651488254262201,0.1428571428571428,0.1428571428571428,0.1428571428571428,0.009965187466220899
2019-09-23 11:00,0.0,241,241,0.0,0.01419608310537461,0.014617819691336697,0.01629142695402997,0.1428571428571428,0.1428571428571428,0.5714285714285714,0.009895488708866243
2019-09-23 12:00,0.0,241,241,0.0,0.01408866816836046,0.014507037976624705,0.014822021353554213,0.5714285714285714,0.5714285714285714,1.0,0.009827306550262404
2019-09-23 13:00,0.0,241,241,0.0,0.012544356487679667,0.012955558393754757,0.014809338823647072,0.5714285714285714,0.1428571428571428,0.5714285714285714,0.009759449765618348
2019-09-23 14:00,0.0,241,241,0.0,0.012451257347360842,0.014289525642332861,0.014606398169017008,0.5714285714285714,0.5714285714285714,0.1428571428571428,0.009692246045212132
2019-09-23 15:00,0.0,241,241,0.0,0.012359432201062209,0.012765176164412237,0.015382983214136295,0.5714285714285714,1.0,0.5714285714285714,0.009625621815390277
2019-09-23 16:00,0.0,241,241,0.0,0.012268818331628928,0.012747234063756057,0.014396320730455119,0.1428571428571428,1.0,0.5714285714285714,0.009560624639812913
2019-09-23 17:00,0.0,241,241,0.0,0.013568006884442426,0.012652883906184858,0.01429302464699286,0.5714285714285714,1.0,0.5714285714285714,0.009495803395811984
2019-09-23 18:00,0.0,241,241,0.0,0.012091653807602796,0.012560974585650147,0.014190911892453199,0.1428571428571428,0.1428571428571428,0.5714285714285714,0.00943168069467777
2019-09-23 19:00,0.0,241,241,0.0,0.013369199657541079,0.013764477056855837,0.014089792345205446,0.1428571428571428,0.1428571428571428,0.1428571428571428,0.009368062156372058
2019-09-23 20:00,0.0,241,241,0.0,0.01327192463237951,0.01366406620801425,0.014916183118345928,0.1428571428571428,1.0,1.0,0.009304745830357343
2019-09-23 21:00,0.0,241,241,0.0,0.013175688088803717,0.012291519636291885,0.013981172645766496,0.1428571428571428,0.5714285714285714,0.1428571428571428,0.009243289312674789
2019-09-23 22:00,0.0,241,241,0.0,0.013080515059299665,0.01213086013931476,0.014790948558955424,0.1428571428571428,1.0,0.5714285714285714,0.009181600942106977
2019-09-23 23:00,0.0,241,241,0.0,0.012986416624333308,0.012116412358437795,0.013697866150552475,0.1428571428571428,0.5714285714285714,0.1428571428571428,0.009121514299193053
